"ranking","IQR","Mean","Median","Q1","Q3","lowerExtreme","upperExtreme"
10,0.099295,0.510940613359173,0.512129,0.449565,0.54886,0.3006225,0.6978025
20,0.108363,0.522948410768133,0.518486,0.456278,0.564641,0.2937335,0.7271855
30,0.1311445,0.539607328250015,0.528391,0.467436,0.5985805,0.27071925,0.79529725
40,0.1795885,0.567305163147592,0.543921,0.4839135,0.663502,0.21453075,0.93288475
50,0.18739475,0.588231634056806,0.55742,0.50174725,0.689142,0.220655125,0.970234125
