"ranking","IQR","Mean","Median","Q1","Q3","lowerExtreme","upperExtreme"
10,0.3426533,0.240478142658915,0.178991,0.0489987,0.391652,-0.46498125,0.90563195
20,0.3817485,0.294972544309305,0.248958,0.0878135,0.469562,-0.48480925,1.04218475
30,0.4504405,0.398035413572459,0.380812,0.1516095,0.60205,-0.52405125,1.27771075
40,0.525583,0.512337571910479,0.538591,0.2461685,0.7717515,-0.542206,1.560126
50,0.536808,0.571212833723741,0.6188395,0.310165,0.846973,-0.495047,1.652185
