"ranking","IQR","Mean","Median","Q1","Q3","lowerExtreme","upperExtreme"
10,0.099839,0.52421414122399,0.51896,0.463638,0.563477,0.3138795,0.7132355
20,0.111616,0.532866083138549,0.524045,0.469339,0.580955,0.301915,0.748379
30,0.1476325,0.550252822369475,0.534301,0.4763575,0.62399,0.25490875,0.84543875
40,0.181343,0.581968937765888,0.554421,0.493332,0.674675,0.2213175,0.9466895
50,0.1975785,0.600905645123258,0.5714005,0.5055505,0.703129,0.20918275,0.99949675
