"ranking","IQR","Mean","Median","Q1","Q3","lowerExtreme","upperExtreme"
10,0.699999988,-0.2818577455595,-0.300000012,-0.699999988,0,-1.74999997,1.049999982
20,0.5,-0.183459720456151,-0.100000001,-0.5,0,-1.25,0.75
30,0.600000024,-0.0104851138798619,0,-0.300000012,0.300000012,-1.200000048,1.200000048
40,0.600000001,0.173509070032885,0.100000001,-0.100000001,0.5,-1.0000000025,1.4000000015
50,0.600000024,0.249142551348875,0.200000003,0,0.600000024,-0.900000036,1.50000006
